index,problem,answer,title,description,tags,prompt,voice_category
1,"Did you know? The shortest war in history lasted only 38 minutes!","It was the Anglo-Zanzibar War in 1896. The British attacked after the Sultan refused to step down. The battle ended in just 38 minutes!","The 38-Minute War","Learn about the incredibly brief Anglo-Zanzibar War, a historical anomaly.","#HistoryFacts #ShortestWar #AngloZanzibarWar #WeirdHistory #QuickFacts #HistoricalEvents #BritishEmpire #AfricaHistory #19thCentury #MilitaryHistory","Ghibli style, tense scene at the Anglo-Zanzibar War of 1896.",Brian
2,"Did you know? Cleopatra lived closer in time to the invention of the iPhone than to the building of the Great Pyramid of Giza!","Cleopatra lived around 69-30 BCE, while the Great Pyramid was completed around 2560 BCE. The first iPhone was released in 2007 CE, making Cleopatra's era much closer to our modern times than to ancient Egypt's pyramid construction.","Cleopatra's Time Paradox","Explore the surprising timeline of Cleopatra's life in relation to ancient and modern milestones.","#HistoryFacts #Cleopatra #AncientEgypt #TimePerspective #iPhone #GreatPyramid #HistoricalTimeline #AncientHistory #ModernHistory #MindBlowingFacts","Ghibli style, tense scene showing a ghostly image of Cleopatra looking at a modern iPhone held by an ancient Egyptian worker near the Great Pyramid.",Ava
3,"Did you know? There's a planet made entirely of diamonds!","Named '55 Cancri e', this exoplanet is twice the size of Earth and has a mass eight times greater. Scientists believe it's composed largely of pure carbon in the form of diamond.","The Diamond Planet","Discover the incredible existence of a planet made of pure diamond, far beyond our solar system.","#SpaceFacts #DiamondPlanet #55Cancrie #Exoplanets #AstronomyFacts #ScienceFacts #Universe #SpaceExploration #AmazingFacts #Cosmos","Ghibli style, tense scene of a shimmering, giant diamond planet in the vastness of space.",Aria
4,"Did you know? Octopuses have three hearts!","Two hearts pump blood through the gills, and a third circulates oxygenated blood to the rest of the body. Interestingly, the systemic heart stops beating when the octopus swims, which is why they tend to crawl more than swim long distances.","The Three-Hearted Octopus","Learn about the unique circulatory system of octopuses and their fascinating three hearts.","#AnimalFacts #Octopus #MarineBiology #OceanLife #WildlifeFacts #ScienceFacts #AmazingAnimals #UnderwaterWorld #BiologyFacts #NatureFacts","Ghibli style, tense scene of an octopus with glowing hearts visible within its body, swimming in the deep sea.",Ana
5,"Did you know? Bananas are berries, but strawberries aren't!","Botanically, a berry develops from a single flower with one ovary and typically contains multiple seeds. Bananas fit this description, while strawberries develop from a flower with multiple ovaries, making them an aggregate fruit.","The Berry Paradox","Unravel the botanical classification of common fruits and the surprising truth about bananas and strawberries.","#ScienceFacts #BotanyFacts #FruitFacts #Bananas #Strawberries #FoodScience #InterestingFacts #PlantBiology #NatureFacts #DidYouKnow","Ghibli style, tense scene of a banana and a strawberry facing each other, with botanical diagrams in the background.",Ana
6,"Did you know? The Eiffel Tower can grow by up to 15 cm (6 inches) in the summer!","Due to thermal expansion, the iron in the Eiffel Tower expands when heated by the sun, causing its height to increase.","The Growing Eiffel Tower","Discover how the iconic Eiffel Tower changes its size with the seasons due to thermal expansion.","#ScienceFacts #EiffelTower #Paris #EngineeringFacts #PhysicsFacts #ThermalExpansion #InterestingFacts #Landmarks #TravelFacts #DidYouKnow","Ghibli style, tense scene of the Eiffel Tower subtly stretching upwards under the summer sun, with heat waves emanating from its structure.",Aria
7,"Did you know? There are more trees on Earth than stars in the Milky Way galaxy!","Scientists estimate there are around 3 trillion trees on Earth, while the Milky Way is thought to contain between 100 and 400 billion stars.","Earth's Abundant Trees","Reflect on the sheer number of trees on our planet compared to the vastness of stars in our galaxy.","#NatureFacts #EarthFacts #SpaceFacts #Trees #MilkyWay #AstronomyFacts #ScienceFacts #Environment #AmazingFacts #DidYouKnow","Ghibli style, tense scene showing a dense forest stretching to the horizon under a night sky filled with the faint glow of the Milky Way.",Brian
8,"Did you know? The sound of a whip cracking is actually a tiny sonic boom!","The tip of a whip moves so fast that it breaks the sound barrier, creating a small but audible sonic boom.","The Sonic Whip Crack","Understand the physics behind the sharp sound of a cracking whip.","#ScienceFacts #PhysicsFacts #SonicBoom #InterestingFacts #SoundFacts #DidYouKnow #CoolFacts #AmazingScience #EverydayScience #TheMoreYouKnow","Ghibli style, tense scene of a whip cracking, with visible shockwaves emanating from its tip.",Brian
9,"Did you know? A sneeze can travel up to 100 miles per hour!","When you sneeze, the force behind it can propel droplets of mucus and saliva at incredibly high speeds.","The Speedy Sneeze","Learn about the surprising velocity of a human sneeze and why it's important to cover your mouth.","#HumanBodyFacts #HealthFacts #ScienceFacts #Sneezing #InterestingFacts #BiologyFacts #Hygiene #DidYouKnow #MedicalFacts #FunFacts","Ghibli style, tense scene depicting the invisible force and speed of a sneeze as it travels through the air.",Ana
10,"Did you know? There's a species of jellyfish that is biologically immortal!","The Turritopsis dohrnii, also known as the immortal jellyfish, can revert back to its polyp stage after reaching maturity, essentially resetting its life cycle.","The Immortal Jellyfish","Discover the fascinating ability of the Turritopsis dohrnii to potentially live forever.","#AnimalFacts #Jellyfish #MarineBiology #Immortality #ScienceFacts #OceanLife #WildlifeFacts #AmazingAnimals #BiologyFacts #NatureFacts","Ghibli style, tense scene of a glowing Turritopsis dohrnii jellyfish gracefully swimming in a deep ocean current.",Aria
11,"Did you know? The average person walks the equivalent of five times around the Earth in their lifetime!","With an average of around 7,500 steps per day, over an average lifespan, this adds up to approximately 115,000 miles, which is roughly five times the Earth's circumference.","A Lifetime of Walking","Consider the incredible distance the average person covers on foot throughout their life.","#HumanBodyFacts #HealthFacts #FitnessFacts #Walking #InterestingFacts #DailyLife #DidYouKnow #AmazingFacts #FunFacts #TheMoreYouKnow","Ghibli style, tense scene showing footprints stretching across diverse landscapes around the globe, symbolizing a lifetime of walking.",Brian
12,"Did you know? Your taste buds aren't just on your tongue!","While the majority of taste buds are located on the tongue, you can also find them on the roof of your mouth, your throat, and even your epiglottis.","Beyond the Tongue: Taste Buds Everywhere","Explore the surprising locations of taste buds in the human body.","#HumanBodyFacts #HealthFacts #ScienceFacts #TasteBuds #BiologyFacts #InterestingFacts #Anatomy #DidYouKnow #MedicalFacts #FunFacts","Ghibli style, tense scene highlighting the different areas in the mouth and throat where taste buds are located.",Ana
13,"Did you know? The Sahara Desert used to be a lush, green area!","Thousands of years ago, the Sahara was a fertile region with rivers, lakes, and vegetation, supporting both animal and human life. Climate change led to its desertification.","The Green Sahara","Discover the fascinating history of the Sahara Desert and its transformation from a green paradise to a vast desert.","#HistoryFacts #GeographyFacts #SaharaDesert #ClimateChange #AncientHistory #EnvironmentalFacts #InterestingFacts #EarthHistory #DidYouKnow #ScienceFacts","Ghibli style, tense scene depicting a vibrant, green Sahara landscape with ancient animals and people, transitioning to the arid desert we know today.",Ava
14,"Did you know? The Great Barrier Reef is the largest living structure on Earth!","Stretching over 2,300 kilometers (1,400 miles), the Great Barrier Reef off the coast of Australia is a massive ecosystem composed of billions of tiny coral polyps.","The Giant Living Reef","Learn about the immense scale and biodiversity of the Great Barrier Reef.","#NatureFacts #GreatBarrierReef #Australia #MarineBiology #OceanLife #CoralReef #WildlifeFacts #Ecosystem #AmazingFacts #DidYouKnow","Ghibli style, tense scene showcasing the vastness and vibrant colors of the Great Barrier Reef from an underwater perspective.",Aria
15,"Did you know? There's a library in Norway where you can only check out books that haven't been published yet!","The Future Library project in Oslo collects one original manuscript each year from a renowned author, with the promise that these books will remain unread and unpublished until 2114.","The Unread Library","Explore the unique and intriguing concept of Norway's Future Library.","#InterestingFacts #LibraryFacts #Norway #FutureLibrary #Books #Literature #ArtProject #Culture #UniquePlaces #DidYouKnow","Ghibli style, tense scene inside a serene library in Norway, with shelves containing sealed manuscripts that are not to be opened until the future.",Ava
16,"Did you know? The inventor of the microwave oven was actually blind!","Percy Spencer, an American engineer, accidentally discovered the heating power of microwaves while working on radar technology. He was not blind.","Microwave Myth Debunked","Uncover the truth behind the popular misconception about the inventor of the microwave oven.","#ScienceFacts #InventionFacts #MicrowaveOven #PercySpencer #MythBusters #InterestingFacts #TechnologyHistory #DidYouKnow #EngineeringFacts #FunFacts","Ghibli style, tense scene depicting Percy Spencer in his lab, surrounded by early microwave technology.",Brian
17,"Did you know? Scotland has more than 421 words for 'snow'!","The rich vocabulary reflects the importance of snow in Scottish culture and landscape. These words describe different types of snow, from 'skelf' (a thin layer) to 'feefle' (to swirl gently).","Scotland's Snowy Lexicon","Explore the fascinating linguistic diversity of Scotland when it comes to describing snow.","#LanguageFacts #Scotland #Snow #Vocabulary #Linguistics #InterestingFacts #Culture #DidYouKnow #WeatherFacts #FunFacts","Ghibli style, tense scene showcasing a snowy Scottish landscape with various types of snow falling, each labeled with a unique Scottish word.",Aria
18,"Did you know? There's a type of frog that can change its skin color!","The glass frog has translucent skin on its belly, allowing you to see its internal organs. While not a full color change like a chameleon, the visibility of its organs can alter its overall appearance.","The Transparent Frog","Learn about the remarkable translucent skin of the glass frog.","#AnimalFacts #Frogs #GlassFrog #Amphibians #WildlifeFacts #ScienceFacts #BiologyFacts #InterestingFacts #NatureFacts #DidYouKnow","Ghibli style, tense scene of a glass frog perched on a leaf, with its internal organs subtly visible through its translucent skin.",Ana
19,"Did you know? The Library of Congress has over 170 million items!","Located in Washington, D.C., the Library of Congress is the largest library in the world, containing books, manuscripts, films, recordings, photographs, maps, and more.","The World's Largest Library","Discover the vast collection of knowledge housed in the Library of Congress.","#InterestingFacts #LibraryFacts #LibraryOfCongress #Books #Knowledge #History #Culture #United States #WashingtonDC #DidYouKnow","Ghibli style, tense scene inside the grand Library of Congress, with endless rows of books stretching into the distance.",Ava
20,"Did you know? The average cloud weighs more than a million pounds!","While clouds appear light and fluffy, they are composed of water droplets or ice crystals. A typical cumulus cloud can weigh around 1.1 million pounds.","The Heavy Cloud","Consider the surprising weight of the seemingly weightless clouds in the sky.","#ScienceFacts #WeatherFacts #Clouds #PhysicsFacts #InterestingFacts #Atmosphere #DidYouKnow #AmazingFacts #NatureFacts #FunFacts","Ghibli style, tense scene of a massive, dense cloud hovering in the sky, with subtle indications of its immense weight.",Brian
21,"Did you know? The smell of freshly cut grass is actually a plant distress signal!","When grass is cut or damaged, it releases volatile organic compounds (VOCs) as a defense mechanism to attract beneficial insects or deter herbivores.","The Grass's Cry for Help","Uncover the hidden meaning behind the familiar scent of freshly cut grass.","#ScienceFacts #PlantFacts #BiologyFacts #NatureFacts #InterestingFacts #Botany #DidYouKnow #EnvironmentalFacts #AmazingFacts #FunFacts","Ghibli style, tense scene at ground level in a field of grass being cut, with visible gas-like signals emanating from the blades.",Ana
22,"Did you know? There's a lake in Tanzania that turns animals into stone!","Lake Natron has extremely high alkaline levels due to the surrounding volcanic activity. Animals that die in its waters become calcified, appearing as stone statues.","The Petrifying Lake","Discover the eerie and unique phenomenon of Lake Natron in Tanzania.","#NatureFacts #LakeNatron #Tanzania #GeographyFacts #InterestingFacts #WeirdFacts #Africa #DidYouKnow #ScienceFacts #AmazingNature","Ghibli style, tense scene at the shores of Lake Natron, with calcified animal figures standing as silent monuments.",Aria
23,"Did you know? The state of Florida is wider than Italy!","Florida has a maximum width of about 160 miles, while Italy's widest point is around 150 miles.","Florida vs. Italy: Size Surprise","Compare the geographical widths of Florida and Italy, revealing a surprising fact.","#GeographyFacts #Florida #Italy #InterestingFacts #WorldGeography #DidYouKnow #TravelFacts #MapFacts #FunFacts #TheMoreYouKnow","Ghibli style, tense scene showing a side-by-side comparison of the shapes of Florida and Italy, highlighting their widths.",Ava
24,"Did you know? The human nose can detect over a trillion different scents!","Previous estimates suggested around 10,000 scents, but recent research indicates the human olfactory system is far more complex and can distinguish an astonishingly wide range of smells.","The Nose Knows Trillions","Explore the incredible sensitivity and capacity of the human sense of smell.","#HumanBodyFacts #HealthFacts #ScienceFacts #Smell #OlfactorySystem #BiologyFacts #InterestingFacts #DidYouKnow #MedicalFacts #FunFacts","Ghibli style, tense scene focusing on a human nose, with swirling colors and patterns representing the vast array of scents it can detect.",Aria
25,"Did you know? There's a type of mushroom that glows in the dark!","Several species of bioluminescent fungi emit a soft greenish light. This phenomenon, called foxfire, is due to a chemical reaction involving luciferin.","The Glowing Mushroom","Discover the magical world of bioluminescent mushrooms.","#NatureFacts #Mushrooms #Fungi #Bioluminescence #ScienceFacts #BiologyFacts #InterestingFacts #DidYouKnow #AmazingNature #ForestFacts","Ghibli style, tense scene in a dark forest, illuminated by the soft glow of bioluminescent mushrooms.",Ana
26,"Did you know? The Earth's rotation is gradually slowing down!","Due to the gravitational pull of the Moon, the Earth's rotation is slowing by about 1.8 milliseconds per century. This means that in the distant future, days will be slightly longer.","The Slowing Earth","Learn about the subtle changes in Earth's rotation over time.","#ScienceFacts #EarthFacts #AstronomyFacts #PhysicsFacts #InterestingFacts #Space #DidYouKnow #GlobalFacts #TimeFacts #TheMoreYouKnow","Ghibli style, tense scene depicting the Earth slowly rotating, with subtle visual cues indicating the passage of vast amounts of time.",Brian
27,"Did you know? The ancient Romans used urine as mouthwash!","Urine contains ammonia, which is a natural cleaning agent. While it sounds unpleasant, the Romans believed it helped whiten their teeth and disinfect their mouths.","Roman Oral Hygiene","Explore the surprising and somewhat shocking dental practices of the ancient Romans.","#HistoryFacts #AncientRome #Hygiene #InterestingFacts #WeirdHistory #DidYouKnow #DentalFacts #AncientPractices #GrossFacts #HistoricalFacts","Ghibli style, tense scene in ancient Rome, showing a person reluctantly using urine as mouthwash.",Brian
28,"Did you know? There's a desert in Antarctica!","The McMurdo Dry Valleys are considered the largest relatively ice-free area in Antarctica. They are extremely dry due to katabatic winds that evaporate any moisture.","Antarctica's Hidden Desert","Discover the surprising existence of a desert within the icy continent of Antarctica.","#GeographyFacts #Antarctica #Deserts #InterestingFacts #ExtremeEnvironments #DidYouKnow #ScienceFacts #ClimateFacts #PolarRegions #WorldFacts","Ghibli style, tense scene of the barren, rocky landscape of the McMurdo Dry Valleys in Antarctica, with strong winds sweeping across the terrain.",Aria
29,"Did you know? The lifespan of a housefly is only about 28 days!","From egg to death, the average housefly lives for approximately four weeks, although this can vary depending on environmental conditions.","The Fleeting Life of a Fly","Learn about the short life cycle of the common housefly.","#AnimalFacts #Insects #Housefly #WildlifeFacts #ScienceFacts #BiologyFacts #InterestingFacts #NatureFacts #DidYouKnow #BugFacts","Ghibli style, tense scene focusing on a housefly, with subtle visual cues indicating the rapid passage of time.",Ana
30,"Did you know? The total weight of all ants on Earth is roughly equal to the total weight of all humans!","While individual ants are tiny, their sheer number results in a combined biomass comparable to that of the entire human population.","The Weight of Ants","Consider the astonishing collective weight of the world's ant population.","#AnimalFacts #Insects #Ants #WildlifeFacts #ScienceFacts #BiologyFacts #InterestingFacts #NatureFacts #DidYouKnow #EcologyFacts","Ghibli style, tense scene showing a massive swarm of ants covering the landscape, with a subtle comparison to the silhouette of human figures in the background.",Brian
31,"Did you know? Leonardo da Vinci invented scissors!","While scissors-like tools existed before, Leonardo da Vinci is credited with designing the modern scissor with a central pivot point.","Da Vinci's Scissors","Discover Leonardo da Vinci's contribution to the design of everyday scissors.","#HistoryFacts #InventionFacts #LeonardoDaVinci #ArtHistory #ScienceHistory #InterestingFacts #Renaissance #DidYouKnow #EngineeringFacts #ArtFacts","Ghibli style, tense scene in Leonardo da Vinci's workshop, with a detailed drawing of his scissor design highlighted.",Brian
32,"Did you know? There's a species of bird that can mimic the sounds of chainsaws and car alarms!","The superb lyrebird of Australia is renowned for its incredible mimicry skills, capable of perfectly imitating a wide range of natural and artificial sounds.","The Mimicking Lyrebird","Learn about the amazing vocal abilities of the superb lyrebird.","#AnimalFacts #Birds #Lyrebird #WildlifeFacts #NatureFacts #InterestingFacts #AnimalSounds #DidYouKnow #Australia #AmazingAnimals","Ghibli style, tense scene in an Australian forest, with a superb lyrebird perched on a branch, surrounded by sound waves representing the various sounds it can mimic.",Aria
33,"Did you know? The average American eats around 18 acres of pizza each day!","This staggering statistic highlights the immense popularity of pizza in the United States.","America's Pizza Consumption","Consider the massive amount of pizza consumed daily in America.","#FoodFacts #Pizza #United States #InterestingFacts #CultureFacts #DidYouKnow #FoodConsumption #AmericanFood #FunFacts #TheMoreYouKnow","Ghibli style, tense scene depicting a vast landscape entirely covered in pizza slices, with tiny human figures in the distance.",Ana
34,"Did you know? The Eiffel Tower was originally intended to be a temporary structure!","Built for the 1889 World's Fair in Paris, the Eiffel Tower was supposed to be dismantled after 20 years. However, its value as a radio antenna saved it.","The Temporary Tower","Discover the original purpose and near-demise of the iconic Eiffel Tower.","#HistoryFacts #EiffelTower #Paris #EngineeringHistory #InterestingFacts #Landmarks #DidYouKnow #France #WorldFairs #ArchitectureHistory","Ghibli style, tense scene showing the Eiffel Tower being constructed for the 1889 World's Fair, with blueprints indicating its temporary nature.",Ava
35,"Did you know? There's a species of fish that can climb trees!","Mudskippers are amphibious fish that can use their pectoral fins to 'walk' on land and even climb mangrove roots and branches.","The Tree-Climbing Fish","Learn about the amazing ability of mudskippers to live both in water and on land.","#AnimalFacts #Fish #Mudskipper #MarineBiology #OceanLife #WildlifeFacts #InterestingFacts #NatureFacts #DidYouKnow #AmazingAnimals","Ghibli style, tense scene in a mangrove forest, with mudskippers climbing tree roots above the water.",Ana
36,"Did you know? The Earth's magnetic field flips every few hundred thousand years!","The North and South magnetic poles switch places over irregular intervals. Scientists are not entirely sure why this happens, but it's a natural process.","The Flipping Poles","Discover the phenomenon of Earth's magnetic field reversals.","#ScienceFacts #EarthFacts #Geophysics #Magnetism #InterestingFacts #SpaceFacts #DidYouKnow #GlobalFacts #PhysicsFacts #TheMoreYouKnow","Ghibli style, tense scene depicting the Earth with its magnetic field lines dramatically reversing.",Brian
37,"Did you know? The average person spends about six months of their life waiting for red lights to turn green!","Considering the amount of time spent driving or walking in urban environments, this cumulative waiting time can be significant.","The Red Light Wait","Reflect on the surprising amount of time spent waiting for traffic lights.","#InterestingFacts #DailyLife #UrbanLife #Traffic #TimePerspective #DidYouKnow #FunFacts #TheMoreYouKnow #LifeFacts #CityLife","Ghibli style, tense scene at a busy city intersection, with a giant hourglass representing the cumulative time spent waiting at red lights.",Ava
38,"Did you know? There's a type of ant that can explode itself to defend its colony!","Several species of ants, known as exploder ants, have glands filled with a sticky, toxic substance. When threatened, they contract their muscles so violently that their bodies rupture, releasing the substance to deter predators.","The Exploding Ant","Learn about the extreme self-sacrificial defense mechanism of exploder ants.","#AnimalFacts #Insects #Ants #WildlifeFacts #ScienceFacts #BiologyFacts #InterestingFacts #NatureFacts #DidYouKnow #AmazingAnimals",your_voice_name # Placeholder - could be dramatic, maybe Brian or Aria?
39,"Did you know? ""The Mona Lisa"" has no eyebrows!""","While there's some debate, many art historians believe that either Leonardo da Vinci didn't paint eyebrows on the Mona Lisa or they have faded over time due to cleaning and restoration efforts.","The Eyebrow Mystery","Uncover the intriguing detail about the Mona Lisa's missing eyebrows.","#ArtFacts #MonaLisa #LeonardoDaVinci #ArtHistory #InterestingFacts #Painting #DidYouKnow #ArtTrivia #MuseumFacts #CulturalFacts","Ghibli style, tense scene focusing on the face of the Mona Lisa, with subtle hints of where eyebrows might have been.",Ava
40,"Did you know? The population of Dublin is younger than the population of the fictional Middle-earth!","The median age in Dublin is around 34 years, while the median age in J.R.R. Tolkien's Middle-earth, considering the lifespans of different races, is estimated to be much higher.","Dublin vs. Middle-earth Age","Compare the demographics of a real city with a fictional world.","#InterestingFacts #Dublin #MiddleEarth #JRRTolkien #LiteratureFacts #Fantasy #Demographics #DidYouKnow #FunFacts #PopCulture","Ghibli style, tense scene showing a bustling modern Dublin street juxtaposed with a serene, ancient landscape of Middle-earth.",Brian
41,"Did you know? There's a type of octopus that carries around coconut shells for shelter!","The veined octopus has been observed collecting discarded coconut shells, hollowing them out, and using them as portable shelters.","The Coconut-Carrying Octopus","Learn about the ingenious behavior of the veined octopus.","#AnimalFacts #Octopus #MarineBiology #OceanLife #WildlifeFacts #InterestingFacts #AnimalBehavior #DidYouKnow #AmazingAnimals #UnderwaterWorld","Ghibli style, tense scene of a veined octopus cleverly maneuvering with two coconut shell halves as its mobile home.",Ana
42,"Did you know? The first oranges weren't orange!","The original oranges brought to Europe from Asia were actually a type of tangerine, which were greenish-yellow in color. The sweet orange, which is what we typically know as orange, came later.","The Original Orange Hue","Discover the surprising history of the color of oranges.","#FoodFacts #HistoryFacts #Oranges #FruitFacts #InterestingFacts #DidYouKnow #FoodHistory #Botany #FunFacts #TheMoreYouKnow","Ghibli style, tense scene showing a contrast between greenish-yellow tangerines and the vibrant orange sweet oranges.",Ana
43,"Did you know? There's a country where it snows more often than it rains!","While specific locations can vary, some high-altitude or polar regions can experience more days with snowfall than rainfall annually.","Snowier Than Rain","Explore the unusual weather patterns in certain parts of the world.","#WeatherFacts #GeographyFacts #Snow #Rain #InterestingFacts #Climate #DidYouKnow #WorldFacts #ExtremeWeather #NatureFacts","Ghibli style, tense scene in a landscape where snowflakes are visibly more frequent than raindrops falling from the sky.",Aria
44,"Did you know? The average human produces enough saliva in their lifetime to fill two swimming pools!","Over an average lifespan, the salivary glands produce a significant amount of saliva, estimated to be around 25,000 liters.","A Lifetime of Saliva","Consider the surprising volume of saliva produced by a human being over their lifetime.","#HumanBodyFacts #HealthFacts #ScienceFacts #Saliva #BiologyFacts #InterestingFacts #DidYouKnow #MedicalFacts #GrossFacts #BodyFacts","Ghibli style, tense scene depicting two large swimming pools being filled with a clear, flowing substance representing saliva.",Ana
45,"Did you know? There's a species of deer that barks like a dog!","Muntjac deer, also known as barking deer, make loud, barking sounds when alarmed or during mating season.","The Barking Deer","Learn about the unusual vocalizations of the muntjac deer.","#AnimalFacts #Deer #Muntjac #WildlifeFacts #NatureFacts #InterestingFacts #AnimalSounds #DidYouKnow #AmazingAnimals #ForestAnimals","Ghibli style, tense scene in a forest, with a muntjac deer emitting a loud barking sound.",Ana
46,"Did you know? ""The Canary Islands are named after dogs, not birds!""","The name comes from the Latin 'Canariae Insulae,' meaning 'Islands of Dogs,' due to the large number of wild dogs found there by the ancient Romans.","The Dog Islands","Uncover the surprising origin of the name of the Canary Islands.","#GeographyFacts #CanaryIslands #HistoryFacts #InterestingFacts #AnimalFacts #DidYouKnow #TravelFacts #IslandFacts #Etymology #FunFacts","Ghibli style, tense scene on a Canary Island beach, with ancient Roman ships in the distance and wild dogs roaming the shore.",Brian
47,"Did you know? The average person has about 67 different species of bacteria living in their belly button!","Research has shown that the human belly button is a diverse ecosystem harboring a variety of bacterial species.","Belly Button Biodiversity","Explore the microscopic world living in your belly button.","#HumanBodyFacts #HealthFacts #ScienceFacts #Bacteria #Microbiology #BiologyFacts #InterestingFacts #DidYouKnow #MedicalFacts #BodyFacts",Ana
48,"Did you know? There's a type of cloud that looks like a giant rolling pin!","Roll clouds are long, tubular, and relatively rare low-level clouds. They can occur near coastlines and are associated with weather fronts or sea breezes.","The Rolling Pin Cloud","Learn about the unusual and fascinating formation of roll clouds.","#WeatherFacts #Clouds #Meteorology #ScienceFacts #InterestingFacts #Atmosphere #DidYouKnow #NatureFacts #AmazingWeather #SkyFacts","Ghibli style, tense scene showing a long, cylindrical roll cloud stretching across the horizon.",Aria
49,"Did you know? The Earth is not perfectly round; it's an oblate spheroid!","Due to its rotation, the Earth bulges slightly at the Equator and is flattened at the poles.","The Squishy Earth","Understand the true shape of our planet.","#ScienceFacts #EarthFacts #GeographyFacts #AstronomyFacts #InterestingFacts #Space #DidYouKnow #GlobalFacts #PhysicsFacts #TheMoreYouKnow","Ghibli style, tense scene depicting the Earth with a subtle bulge around its equator, emphasizing its oblate spheroid shape.",Brian
50,"Did you know? ""The Hawaii"" pizza was actually invented in Canada!""","Sam Panopoulos, a Greek immigrant to Canada, created the controversial pineapple and ham pizza in 1962 at his restaurant in Ontario.","The Canadian Hawaii","Uncover the surprising origin of the famous (or infamous) Hawaiian pizza.","#FoodFacts #Pizza #HawaiiPizza #Canada #InterestingFacts #FoodHistory #DidYouKnow #CulinaryFacts #FunFacts #TheMoreYouKnow","Ghibli style, tense scene in a Canadian pizzeria in the 1960s, with the creation of the first Hawaiian pizza.",Ana
51,"Did you know? There's a species of monkey that swims and holds its breath underwater for extended periods!","Proboscis monkeys, found in Borneo, have webbed feet and a unique nose that may help them with buoyancy while swimming.","The Swimming Monkey","Learn about the aquatic adaptations of the proboscis monkey.","#AnimalFacts #Monkeys #ProboscisMonkey #WildlifeFacts #NatureFacts #InterestingFacts #AnimalBehavior #DidYouKnow #AmazingAnimals #Borneo","Ghibli style, tense scene in a river in Borneo, with a proboscis monkey swimming underwater.",Ana
52,"Did you know? The smell of books has a name: bibliosmia!,Bibliosmia refers to the pleasant scent that old books emit due to the chemical breakdown of compounds in the paper and ink over time.","The Scent of Old Books","Discover the nostalgic and comforting aroma of bibliosmia.","#InterestingFacts #BookFacts #Bibliosmia #Literature #Reading #DidYouKnow #SensoryFacts #FunFacts #TheMoreYouKnow #BookLovers","Ghibli style, tense scene focusing on a stack of old books, with visible wisps of scent emanating from their pages.",Ava
53,"Did you know? There's a sea slug that can photosynthesize like a plant!","The Elysia chlorotica sea slug incorporates chloroplasts from the algae it eats into its own cells, allowing it to produce energy from sunlight.","The Solar-Powered Sea Slug","Learn about the amazing ability of this sea slug to harness solar energy.","#AnimalFacts #SeaSlug #MarineBiology #OceanLife #WildlifeFacts #ScienceFacts #BiologyFacts #InterestingFacts #NatureFacts #DidYouKnow","Ghibli style, tense scene underwater, with a vibrant green Elysia chlorotica sea slug basking in sunlight.",Aria
54,"Did you know? The average raindrop is about 2 millimeters in diameter!","While they can vary in size, most raindrops fall within this range. Larger drops tend to break up as they fall.","The Size of a Raindrop","Consider the typical dimensions of a raindrop.","#WeatherFacts #Rain #Meteorology #ScienceFacts #InterestingFacts #Atmosphere #DidYouKnow #NatureFacts #SkyFacts #FunFacts","Ghibli style, tense scene with a close-up view of individual raindrops falling from the sky.",Ana
55,"Did you know? The state with the longest coastline in the United States is Alaska!","Alaska's coastline stretches for over 33,904 miles, significantly longer than any other US state.","Alaska's Endless Coastline","Discover the vastness of Alaska's shoreline.","#GeographyFacts #Alaska #United States #InterestingFacts #Coastline #DidYouKnow #TravelFacts #StateFacts #USFacts #WorldGeography","Ghibli style, tense scene showing a dramatic Alaskan coastline with rugged mountains meeting the sea.",Brian
56,"Did you know? The first computer mouse was made of wood!","Invented by Douglas Engelbart in the 1960s, the prototype mouse had a wooden shell and used two perpendicular wheels to track movement.","The Wooden Mouse","Learn about the humble beginnings of the computer mouse.","#TechnologyFacts #ComputerHistory #InventionFacts #DouglasEngelbart #InterestingFacts #DidYouKnow #TechFacts #Innovation #HistoryOfTechnology #ScienceHistory","Ghibli style, tense scene in a 1960s lab, with a wooden computer mouse being demonstrated.",Brian
57,"Did you know? There's a species of spider that builds underwater homes!","The water spider, also known as the diving bell spider, creates a silken bubble filled with air, which it uses as an underwater refuge.","The Underwater Spider","Discover the fascinating aquatic lifestyle of the water spider.","#AnimalFacts #Spiders #WildlifeFacts #NatureFacts #InterestingFacts #AnimalBehavior #DidYouKnow #AmazingAnimals #Arachnids #UnderwaterWorld","Ghibli style, tense scene underwater, with a water spider inside its silken air bubble.",Ana
58,"Did you know? The Great Pyramid of Giza was once topped with a capstone made of gold!","While the capstone is now missing, historical accounts suggest the Great Pyramid was originally finished with a smooth, possibly gilded, capstone.","The Golden Peak of Giza","Learn about the original appearance of the Great Pyramid.","#HistoryFacts #AncientEgypt #GreatPyramid #Archaeology #InterestingFacts #AncientHistory #DidYouKnow #HistoricalFacts #WorldWonders #Egypt","Ghibli style, tense scene depicting the Great Pyramid of Giza with a shining golden capstone at its apex.",Ava
59,"Did you know? ""The sixth sense"" is actually called proprioception!""","Proprioception is the sense of your body's position and movement in space, allowing you to know where your limbs are without looking at them.","Understanding Proprioception","Explore the science behind our sense of body awareness.","#HumanBodyFacts #HealthFacts #ScienceFacts #Proprioception #BiologyFacts #InterestingFacts #DidYouKnow #MedicalFacts #BodyAwareness #SensoryFacts",Aria
60,"Did you know? There's a type of jellyfish that can clone itself when it's cut in half!","Some jellyfish species can regenerate and even form entirely new individuals when fragmented, a form of asexual reproduction.","The Cloning Jellyfish","Learn about the remarkable regenerative abilities of certain jellyfish.","#AnimalFacts #Jellyfish #MarineBiology #OceanLife #WildlifeFacts #ScienceFacts #BiologyFacts #InterestingFacts #NatureFacts #DidYouKnow",Ana
61,"Did you know? The average cloud contains enough water to fill around 100 Olympic-sized swimming pools!","While the water is in the form of tiny droplets, the sheer volume of a typical cumulus cloud is immense.","Cloudy Swimming Pools","Consider the massive amount of water held within an average cloud.","#WeatherFacts #Clouds #Meteorology #ScienceFacts #InterestingFacts #Atmosphere #DidYouKnow #NatureFacts #AmazingWeather #SkyFacts",Brian
62,"Did you know? The shortest river in the world is in Oregon and is only about 134 feet long!","The Roe River flows from Giant Springs into the Missouri River near Great Falls, Montana. There is some debate about whether it officially qualifies as the shortest.","The World's Shortest River?","Discover the surprisingly short length of the Roe River.","#GeographyFacts #Rivers #Oregon #United States #InterestingFacts #DidYouKnow #WaterFacts #NatureFacts #WorldRecords #FunFacts",Ava
63,"Did you know? The first photograph ever taken required an exposure time of around eight hours!","Taken by Joseph Nicéphore Niépce in the 1820s, the image 'View from the Window at Le Gras' needed an incredibly long exposure due to the limitations of early photographic technology.","The Long Exposure Photo","Learn about the dawn of photography and its lengthy exposure times.","#HistoryFacts #PhotographyHistory #InventionFacts #InterestingFacts #DidYouKnow #TechHistory #ArtHistory #ScienceHistory #EarlyPhotography #VisualArts",Brian
64,"Did you know? There's a species of lizard that can squirt blood from its eyes!,The Texas horned lizard can squirt a stream of blood from its eyes as a defense mechanism to deter predators like foxes and coyotes.","The Blood-Squirting Lizard","Discover the unusual defense strategy of the Texas horned lizard.","#AnimalFacts #Lizards #TexasHornedLizard #WildlifeFacts #NatureFacts #InterestingFacts #AnimalBehavior #DidYouKnow #AmazingAnimals #Reptiles",Ana
65,"Did you know? The Earth's day was initially only about 6 hours long!","When the Earth first formed, its rotation was much faster. Over billions of years, tidal forces from the Moon have gradually slowed it down to the current 24-hour cycle.","The Short Ancient Day","Consider the dramatic changes in the length of Earth's day over geological time.","#ScienceFacts #EarthHistory #AstronomyFacts #GeologyFacts #InterestingFacts #Space #DidYouKnow #GlobalFacts #TimeFacts #TheMoreYouKnow",Aria
66,"Did you know? The average person spends around 1/3 of their life sleeping!","For someone living to around 75 years old, this equates to approximately 25 years spent sleeping.","A Lifetime of Sleep","Reflect on the significant portion of our lives dedicated to sleep.","#HumanBodyFacts #HealthFacts #SleepFacts #InterestingFacts #DailyLife #DidYouKnow #FunFacts #TheMoreYouKnow #LifeFacts #Wellbeing",Ana
67,"Did you know? There's a type of flower that smells like rotting meat!","The Rafflesia arnoldii, found in Southeast Asia, produces a massive flower that can weigh up to 15 pounds and emits a strong odor of decaying flesh to attract pollinating flies.","The Corpse Flower","Learn about the bizarre and pungent Rafflesia arnoldii.","#NatureFacts #Flowers #RafflesiaArnoldii #BotanyFacts #InterestingFacts #PlantFacts #DidYouKnow #WeirdNature #SoutheastAsia #AmazingPlants",Aria
68,"Did you know? The surface area of Russia is larger than the surface area of Pluto!","Russia covers approximately 17.1 million square kilometers, while Pluto has a surface area of about 16.6 million square kilometers.","Russia vs. Pluto: Size Comparison","Compare the sizes of a country and a dwarf planet.","#GeographyFacts #Russia #SpaceFacts #Pluto #AstronomyFacts #InterestingFacts #DidYouKnow #WorldGeography #PlanetFacts #SizeComparison",Brian
69,"Did you know? ""The average person has about 60,000 miles of blood vessels in their body!""","If you were to lay them end to end, the network of arteries, veins, and capillaries in an average adult would stretch for an incredible distance.","Miles of Blood Vessels","Consider the extensive circulatory system within the human body.","#HumanBodyFacts #HealthFacts #ScienceFacts #BloodVessels #BiologyFacts #InterestingFacts #DidYouKnow #MedicalFacts #Anatomy #BodyFacts",Aria
70,"Did you know? There's a type of snail whose shell is covered in iron sulfide!","The scaly-foot gastropod, found in deep-sea hydrothermal vents, has a unique three-layered shell, with the middle layer containing iron sulfide, giving it a metallic appearance.","The Iron-Shelled Snail","Learn about the remarkable adaptations of the scaly-foot gastropod.","#AnimalFacts #Snails #MarineBiology #OceanLife #WildlifeFacts #ScienceFacts #BiologyFacts #InterestingFacts #NatureFacts #DidYouKnow",Ana
71,"Did you know? ""The o"" in the Olympic logo represents all five continents!""","The five interlocking rings of the Olympic logo (blue, yellow, black, green, and red) symbolize the union of the five inhabited continents and the meeting of athletes from around the world at the Games.","The Olympic Rings' Meaning","Uncover the symbolism behind the iconic Olympic logo.","#InterestingFacts #Olympics #SportsFacts #HistoryFacts #Symbolism #DidYouKnow #CultureFacts #GlobalEvents #FunFacts #TheMoreYouKnow",Ava
72,"Did you know? There's a bird that can fly for ten months without landing!","The common swift can stay airborne for incredibly long periods, feeding and even sleeping on the wing. They only land to breed.","The Non-Stop Flyer","Learn about the amazing endurance of the common swift.","#AnimalFacts #Birds #CommonSwift #WildlifeFacts #NatureFacts #InterestingFacts #AnimalBehavior #DidYouKnow #AmazingAnimals #BirdMigration",Aria
73,"Did you know? ""The average car contains about 30,000 parts!""","From the engine to the smallest screws, a modern automobile is a complex machine with a vast number of individual components.","The Complexity of a Car","Consider the intricate engineering behind the average automobile.","#TechnologyFacts #AutomotiveFacts #EngineeringFacts #InterestingFacts #DidYouKnow #MechanicalEngineering #CarFacts #ScienceFacts #Innovation #TheMoreYouKnow",Brian
74,"Did you know? There's a desert in Europe!","The Tabernas Desert in southeastern Spain is considered the only true desert in mainland Europe. It has a semi-arid climate and unique geological formations.","Europe's Only Desert","Discover the surprising desert landscape in Spain.","#GeographyFacts #Europe #Spain #Deserts #InterestingFacts #DidYouKnow #TravelFacts #EuropeanGeography #NatureFacts #WorldGeography",Ava
75,"Did you know? The lifespan of human taste buds is only about 10 days!","Taste buds are constantly being regenerated, with new ones forming approximately every two weeks.","The Short Life of Taste Buds","Learn about the rapid turnover of your taste receptors.","#HumanBodyFacts #HealthFacts #ScienceFacts #TasteBuds #BiologyFacts #InterestingFacts #DidYouKnow #MedicalFacts #BodyFacts #SensoryFacts",Ana
76,"Did you know? There's a species of goat that can climb trees!","Tree goats, found in Morocco, have adapted to climb Argan trees to feed on their leaves and fruits.","The Tree-Climbing Goat","Discover the unusual arboreal behavior of Moroccan goats.","#AnimalFacts #Goats #WildlifeFacts #NatureFacts #InterestingFacts #AnimalBehavior #DidYouKnow #AmazingAnimals #Morocco #FarmAnimals","Ghibli style, tense scene in Morocco, with goats skillfully climbing the branches of an Argan tree.",Ana
77,"Did you know? ""The thumbs up"" gesture was considered an insult in ancient Rome!""","While its exact meaning is debated, some historical interpretations suggest that a thumbs up could signify 'kill' in gladiatorial contests, while a thumbs down meant 'spare'.","The Thumbs Up Paradox","Explore the differing interpretations of the thumbs up gesture throughout history.","#HistoryFacts #AncientRome #Gestures #InterestingFacts #CultureFacts #DidYouKnow #SocialCustoms #HistoricalFacts #BodyLanguage #FunFacts","Ghibli style, tense scene in the Colosseum in ancient Rome, with a crowd making various hand gestures, including the potentially insulting thumbs up.",Brian
78,"Did you know? There's a type of cloud that forms at the edge of space!","Noctilucent clouds, also known as polar mesospheric clouds, are the highest clouds in Earth's atmosphere, forming in the mesosphere at altitudes of around 76 to 85 kilometers.","Clouds at the Edge of Space","Learn about the mysterious and beautiful noctilucent clouds.","#WeatherFacts #Clouds #NoctilucentClouds #Meteorology #ScienceFacts #InterestingFacts #Atmosphere #DidYouKnow #NatureFacts #SpaceFacts",Aria
79,"Did you know? The smell of rain on dry earth has a name: petrichor!","Petrichor is caused by the release of oils produced by plants and bacteria in dry soil, which are then dispersed into the air when rain falls.","The Scent of Coming Rain","Discover the science behind the unique aroma of petrichor.","#ScienceFacts #WeatherFacts #Petrichor #NatureFacts #InterestingFacts #Atmosphere #DidYouKnow #EarthScience #SensoryFacts #EnvironmentalFacts","Ghibli style, tense scene depicting dry earth being struck by raindrops, with visible aromatic compounds being released into the air.",Ava
80,"Did you know? There's a species of fish that can change its sex!","Many fish species are hermaphroditic, meaning they can change from one sex to another during their lifetime. This can be influenced by factors like social hierarchy or environmental conditions.","The Gender-Swapping Fish","Learn about the fascinating phenomenon of sequential hermaphroditism in fish.","#AnimalFacts #Fish #MarineBiology #OceanLife #WildlifeFacts #ScienceFacts #BiologyFacts #InterestingFacts #NatureFacts #DidYouKnow",Ana
81,"Did you know? The average person blinks about 15-20 times per minute!,This frequent blinking helps to keep the eyes lubricated and protected from dust and debris.","The Blinking Facts","Consider the frequency of this involuntary human action.","#HumanBodyFacts #HealthFacts #ScienceFacts #Blinking #BiologyFacts #InterestingFacts #DidYouKnow #MedicalFacts #BodyFacts #EyeFacts",Ana
82,"Did you know? There's a lake in Palau that's filled with millions of jellyfish, and they don't sting!",Jellyfish Lake is home to two species of jellyfish that have lost their stinging ability due to the lack of predators in the isolated lake.,The Non-Stinging Jellyfish Lake,Discover the unique ecosystem of Palau's Jellyfish Lake.,#NatureFacts #Palau #JellyfishLake #MarineBiology #OceanLife #WildlifeFacts #InterestingFacts #DidYouKnow #AmazingNature #IslandFacts,Ana
83,"Did you know? The inventor of the Pringles can was buried in one!","Fredric Baur, the man who designed the iconic Pringles can, had a portion of his ashes interred in a Pringles can at his request.","Buried in Pringles","Learn about the unusual final wish of the Pringles can inventor.","#InterestingFacts #Pringles #FoodFacts #ObituaryFacts #DidYouKnow #WeirdFacts #ConsumerProducts #FunFacts #TheMoreYouKnow #UnusualStories",Brian
84,"Did you know? There's a species of snake that can 'fly'!","Gliding snakes, found in Southeast Asia, can launch themselves from trees and flatten their bodies to create lift, allowing them to glide through the air for considerable distances.","The Flying Snake","Discover the amazing gliding abilities of these snakes.","#AnimalFacts #Snakes #WildlifeFacts #NatureFacts #InterestingFacts #AnimalBehavior #DidYouKnow #AmazingAnimals #Reptiles #SoutheastAsia","Ghibli style, tense scene in a Southeast Asian rainforest, with a snake launching itself from a tree and gliding through the air.",Ana
85,"Did you know? The Sun makes up 99.86% of the total mass of our solar system!","The remaining 0.14% is comprised of all the planets, moons, asteroids, comets, and other objects in our solar system.","The Sun's Dominance","Consider the overwhelming mass of the Sun compared to the rest of our solar system.","#SpaceFacts #Sun #SolarSystem #AstronomyFacts #ScienceFacts #InterestingFacts #Universe #DidYouKnow #Cosmos #PlanetFacts",Brian
86,"Did you know? The average person spends about 2 weeks of their life kissing!","This is an estimated average, and the actual time spent kissing can vary greatly from person to person.","A Kissing Lifetime","Reflect on the cumulative time spent kissing over an average lifespan.","#HumanBodyFacts #InterestingFacts #Relationships #KissingFacts #DidYouKnow #FunFacts #LoveFacts #SocialFacts #TheMoreYouKnow #LifeFacts",Ava
87,"Did you know? There's a type of penguin that lives in the tropics!","The Galápagos penguin is the only penguin species that lives north of the equator, inhabiting the Galápagos Islands.","The Tropical Penguin","Learn about the unique Galápagos penguin and its warm climate habitat.","#AnimalFacts #Penguins #GalapagosPenguin #WildlifeFacts #NatureFacts #InterestingFacts #AnimalBehavior #DidYouKnow #AmazingAnimals #GalapagosIslands","Ghibli style, tense scene on a sunny beach in the Galápagos Islands, with a Galápagos penguin waddling across the sand.",Ana
88,"Did you know? The official color of the Golden Gate Bridge is 'International Orange'!,This specific shade of orange was chosen because it complements the natural surroundings and enhances visibility in fog.","The Golden Gate's True Color","Discover the carefully selected color of the iconic Golden Gate Bridge.","#InterestingFacts #GoldenGateBridge #SanFrancisco #EngineeringFacts #ArchitectureFacts #DidYouKnow #Landmarks #TravelFacts #ColorFacts #FunFacts",Ava
89,"Did you know? There's a type of bat that catches fish!","The fishing bat uses its large feet and claws to scoop fish from the surface of the water.","The Fishing Bat","Learn about the unique hunting techniques of the fishing bat.","#AnimalFacts #Bats #WildlifeFacts #NatureFacts #InterestingFacts #AnimalBehavior #DidYouKnow #AmazingAnimals #Mammals #NocturnalAnimals","Ghibli style, tense scene at night over a body of water, with a fishing bat swooping down to catch a fish.",Ana
90,"Did you know? ""The world's oldest known piece of chewing gum is over 9,000 years old!""","Discovered in Finland, this ancient chewing gum was made from birch bark tar and likely used for medicinal purposes or as an adhesive.","Ancient Chewing Gum","Uncover the history of chewing gum dating back thousands of years.","#HistoryFacts #Archaeology #InterestingFacts #AncientHistory #DidYouKnow #FoodHistory #Finland #WeirdHistory #AncientArtifacts #FunFacts",Brian
91,"Did you know? ""The average human heart beats around 100,000 times per day!""","Over an average lifetime, the heart will beat more than 2.5 billion times.","The Heart's Daily Work","Consider the tireless effort of the human heart.","#HumanBodyFacts #HealthFacts #ScienceFacts #Heart #BiologyFacts #InterestingFacts #DidYouKnow #MedicalFacts #BodyFacts #Anatomy",Aria
92,"Did you know? There's a species of bird that can fly backwards!","Hummingbirds are the only birds capable of true backwards flight, thanks to their unique wing structure and flight muscles.","The Backward Flying Bird","Learn about the remarkable aerial abilities of hummingbirds.","#AnimalFacts #Birds #Hummingbirds #WildlifeFacts #NatureFacts #InterestingFacts #AnimalBehavior #DidYouKnow #AmazingAnimals #BirdFlight","Ghibli style, tense scene in a vibrant garden, with a hummingbird gracefully flying backwards.",Ana
93,"Did you know? ""The blue bloods"" of the sea are horseshoe crabs!""",Horseshoe crabs have copper-based blood that turns blue when exposed to oxygen. Their blood is also crucial in medical research for detecting bacterial contamination.,The Blue-Blooded Crab,Discover the unique circulatory system of horseshoe crabs and their importance to medicine.,#AnimalFacts #HorseshoeCrabs #MarineBiology #OceanLife #WildlifeFacts #ScienceFacts #BiologyFacts #InterestingFacts #NatureFacts #DidYouKnow,Ana
94,"Did you know? The Statue of Liberty used to be a lighthouse!","While it was never officially commissioned as one, there were proposals to use the Statue of Liberty as a functioning lighthouse after its construction.","Liberty's Lighthouse Dream","Explore the unfulfilled potential of the Statue of Liberty as a beacon.","#HistoryFacts #StatueOfLiberty #NewYork #EngineeringHistory #InterestingFacts #Landmarks #DidYouKnow #United States #ArchitectureHistory #FunFacts","Ghibli style, tense scene depicting the Statue of Liberty with a bright light emanating from its torch, envisioning it as a lighthouse.",Ava
95,"Did you know? There's a type of worm that can regenerate its entire body from just a few cells!","Planarian worms have incredible regenerative capabilities and can regrow lost body parts, even an entire new worm from a small fragment.","The Regenerating Worm","Learn about the amazing regenerative powers of planarian worms.","#AnimalFacts #Worms #Planarian #WildlifeFacts #NatureFacts #InterestingFacts #AnimalBehavior #DidYouKnow #AmazingAnimals #BiologyFacts",Ana
96,"Did you know? The Earth has more than one Moon!","While our primary Moon is the largest and most well-known, Earth also has temporary 'mini-moons' – small asteroids captured by our planet's gravity for short periods.","Earth's Other Moons","Discover the temporary celestial companions of our planet.","#SpaceFacts #EarthFacts #Moon #AstronomyFacts #ScienceFacts #InterestingFacts #Universe #DidYouKnow #Cosmos #PlanetFacts",Brian
97,"Did you know? The average person spends about 5 years of their life eating!","Considering the time spent on meal preparation, eating, and cleaning up, this significant portion of our lives is dedicated to sustenance.","A Lifetime of Eating","Reflect on the amount of time humans spend eating throughout their lives.","#HumanBodyFacts #InterestingFacts #FoodFacts #DailyLife #DidYouKnow #FunFacts #LifeFacts #SocialFacts #TheMoreYouKnow #CulinaryFacts",Ana
98,"Did you know? There's a type of beetle that can survive being run over by a car!","The diabolical ironclad beetle has an incredibly tough exoskeleton that allows it to withstand crushing forces, including being run over by a vehicle.","The Uncrushable Beetle","Learn about the remarkable resilience of the diabolical ironclad beetle.","#AnimalFacts #Beetles #Insects #WildlifeFacts #NatureFacts #InterestingFacts #AnimalBehavior #DidYouKnow #AmazingAnimals #BugFacts","Ghibli style, tense scene on a road, with a car tire rolling over a diabolical ironclad beetle, which remains unharmed.",Ana
99,"Did you know? The Library of Alexandria was once the largest library in the ancient world!","Located in Alexandria, Egypt, it housed a vast collection of scrolls and books, representing the pinnacle of ancient knowledge. It was tragically destroyed over time.","The Lost Library of Alexandria","Discover the grandeur and eventual loss of the ancient world's greatest library.","#HistoryFacts #AncientEgypt #LibraryOfAlexandria #Archaeology #InterestingFacts #AncientHistory #DidYouKnow #HistoricalFacts #WorldHistory #Knowledge","Ghibli style, tense scene inside the grand Library of Alexandria, filled with countless scrolls and scholars, with subtle hints of its impending destruction.",Ava
100,"Did you know? The Earth's atmosphere has layers, and one of them is called the 'thermosphere'!","The thermosphere is the layer of Earth's atmosphere directly above the mesosphere and below the exosphere. It's characterized by rapidly increasing temperatures with altitude.","Layers of the Atmosphere","Explore the different layers that make up Earth's atmosphere.","#ScienceFacts #EarthFacts #Atmosphere #Meteorology #InterestingFacts #DidYouKnow #GlobalFacts #PhysicsFacts #SpaceFacts #TheMoreYouKnow","Ghibli style, tense scene showing the different layers of Earth's atmosphere, with the thermosphere highlighted.",Aria
101,"Did you know? A group of owls is called a parliament!","This is because owls are often seen as wise, leading to the collective noun 'parliament'.","The Owl Parliament","Discover the unique collective noun for a group of owls.","#AnimalFacts #Birds #Owls #WildlifeFacts #NatureFacts #InterestingFacts #DidYouKnow #CollectiveNouns #BirdFacts #FunFacts","Ghibli style, tense scene of a group of owls perched together like a wise gathering.",Ana
102,"Did you know? Honey never spoils!","Archaeologists have found pots of honey in ancient Egyptian tombs that are over 3,000 years old and still perfectly edible.","Eternal Honey","Learn about the incredible longevity of honey and why it doesn't spoil.","#FoodFacts #ScienceFacts #Honey #Archaeology #AncientEgypt #InterestingFacts #DidYouKnow #FoodPreservation #AmazingFacts #NaturalFacts","Ghibli style, tense scene inside an ancient Egyptian tomb, with glowing pots of honey.",Brian
103,"Did you know? There are more fake flamingos in the world than real ones!","Plastic lawn flamingos are incredibly popular, outnumbering their living counterparts.","The Plastic Flamingo Takeover","Consider the surprising statistic about the population of real versus fake flamingos.","#AnimalFacts #Birds #Flamingos #InterestingFacts #WildlifeFacts #CultureFacts #DidYouKnow #FunFacts #TheMoreYouKnow #NatureVsPlastic","Ghibli style, tense scene showing a vast field of plastic lawn flamingos overwhelming a small group of real flamingos.",Ana
104,"Did you know? The shortest complete sentence in the English language is 'I am.'","This simple two-word sentence contains a subject and a verb, making it grammatically complete.","The Shortest Sentence","Discover the brevity of the shortest complete sentence in English.","#LanguageFacts #Linguistics #EnglishLanguage #Grammar #InterestingFacts #DidYouKnow #FunFacts #WordFacts #SentenceStructure #QuickFacts","Ghibli style, tense scene with floating words 'I' and 'am' coming together, glowing simply.",Aria
105,"Did you know? A day on Venus is longer than a year on Venus!","Venus has an extremely slow rotation period (243 Earth days) compared to its orbital period around the Sun (225 Earth days).","Venus's Slow Spin","Explore the unusual relationship between a day and a year on the planet Venus.","#SpaceFacts #AstronomyFacts #Venus #Planets #ScienceFacts #InterestingFacts #DidYouKnow #SolarSystem #AmazingFacts #Cosmos","Ghibli style, tense scene depicting Venus spinning very slowly, with a faster-moving sun in the background.",Brian
106,"Did you know? The average cloud droplet is about 10 micrometers in diameter!","These tiny droplets are too small to fall as rain until they combine with other droplets.","Tiny Cloud Droplets","Learn about the minuscule size of the water droplets that make up clouds.","#WeatherFacts #Clouds #Meteorology #ScienceFacts #InterestingFacts #Atmosphere #DidYouKnow #NatureFacts #SkyFacts #FunFacts","Ghibli style, tense scene with a micro-focus on tiny water droplets floating within a cloud.",Ana
107,"Did you know? There's a type of spider that can roll itself into a ball and escape danger!","The flic-flac spider, found in the deserts of Morocco, uses a unique cartwheeling motion to quickly escape predators.","The Cartwheeling Spider","Discover the amazing escape strategy of the flic-flac spider.","#AnimalFacts #Spiders #WildlifeFacts #NatureFacts #InterestingFacts #AnimalBehavior #DidYouKnow #AmazingAnimals #Arachnids #DesertAnimals","Ghibli style, tense scene in a desert, with a spider rapidly cartwheeling away from a predator.",Ana
108,"Did you know? The Great Wall of China is NOT visible from space with the naked eye!","This is a common myth. While it's an enormous structure, its narrow width and color blending with the surroundings make it indistinguishable from space without aid.","Great Wall From Space Myth","Debunk the popular misconception about seeing the Great Wall of China from space.","#HistoryFacts #GeographyFacts #GreatWallOfChina #SpaceMyths #InterestingFacts #DidYouKnow #China #Landmarks #HistoricalFacts #ScienceFacts","Ghibli style, tense scene of a tiny, almost invisible line representing the Great Wall seen from space.",Ava
109,"Did you know? The shortest commercial flight in the world is just 53 seconds long!","This flight operates between the two Orkney Islands of Westray and Papa Westray in Scotland.","The World's Shortest Flight","Learn about the incredibly brief commercial airplane journey in Scotland.","#InterestingFacts #TravelFacts #Scotland #Airplanes #DidYouKnow #GeographyFacts #FunFacts #WorldRecords #QuickFacts #Transportation","Ghibli style, tense scene of a tiny airplane taking off and immediately preparing to land on nearby islands.",Ana
110,"Did you know? There's a species of fish that can live outside of water for days!","The walking catfish can use its pectoral fins to 'walk' on land and breathe air, allowing it to travel between bodies of water.","The Walking Fish","Discover the unique ability of the walking catfish to survive and move on land.","#AnimalFacts #Fish #WalkingCatfish #MarineBiology #WildlifeFacts #InterestingFacts #NatureFacts #DidYouKnow #AmazingAnimals #FreshwaterFish","Ghibli style, tense scene of a fish using its fins to walk across muddy ground.",Ana
111,"Did you know? The Earth's core is hotter than the surface of the Sun!","The inner core is estimated to be around 5,200–6,000 degrees Celsius, while the Sun's surface is about 5,500 degrees Celsius.","Earth's Fiery Core","Explore the extreme temperatures found at the center of our planet.","#ScienceFacts #EarthFacts #GeologyFacts #PhysicsFacts #InterestingFacts #DidYouKnow #GlobalFacts #TemperatureFacts #AmazingFacts #TheMoreYouKnow","Ghibli style, tense scene showing the Earth's core as a super hot, glowing sphere.",Brian
112,"Did you know? The average person checks their phone about 150 times a day!","In today's digital age, people interact with their smartphones constantly throughout the day.","The Constant Phone Check","Consider the surprising frequency with which people check their phones daily.","#InterestingFacts #TechnologyFacts #DailyLife #Smartphones #DidYouKnow #FunFacts #SocialFacts #Habits #ModernLife #DigitalAge","Ghibli style, tense scene of a person repeatedly looking at a glowing smartphone screen throughout a busy day.",Ava
113,"Did you know? There's a type of mushroom that tastes like fried chicken!","The Laetiporus sulphureus, also known as 'chicken of the woods', is an edible mushroom with a texture and flavor often compared to chicken.","The Chicken Mushroom","Discover the culinary curiosity of the chicken of the woods mushroom.","#NatureFacts #Mushrooms #Fungi #FoodFacts #InterestingFacts #DidYouKnow #WeirdFood #BotanyFacts #AmazingPlants #EdiblePlants","Ghibli style, tense scene of a mushroom that looks and is being prepared like fried chicken.",Ana
114,"Did you know? The largest desert in the world is Antarctica!","While we often think of sandy deserts, a desert is defined by its low precipitation. Antarctica is the largest polar desert on Earth.","Antarctica: The Largest Desert","Learn why the icy continent of Antarctica is actually considered the world's largest desert.","#GeographyFacts #Antarctica #Deserts #InterestingFacts #ExtremeEnvironments #DidYouKnow #ScienceFacts #ClimateFacts #PolarRegions #WorldFacts","Ghibli style, tense scene of a vast, icy landscape in Antarctica, emphasizing its arid nature.",Aria
115,"Did you know? The human brain can generate about 23 watts of power when awake!","This is enough power to light a small LED bulb.","The Brain's Power","Consider the surprising amount of electrical power generated by the human brain.","#HumanBodyFacts #HealthFacts #ScienceFacts #Brain #BiologyFacts #InterestingFacts #DidYouKnow #MedicalFacts #Anatomy #BodyFacts","Ghibli style, tense scene showing a human head with subtle glowing energy emanating from the brain area.",Brian
116,"Did you know? There's a species of frog that freezes solid in winter and thaws in spring!","The wood frog can survive having up to 65% of its body water freeze. Glucose in its cells acts as a cryoprotectant.","The Frog That Freezes","Discover the incredible adaptation of the wood frog to survive freezing temperatures.","#AnimalFacts #Frogs #WoodFrog #WildlifeFacts #NatureFacts #InterestingFacts #AnimalBehavior #DidYouKnow #AmazingAnimals #BiologyFacts","Ghibli style, tense scene of a frog frozen in ice, with subtle life signs visible.",Ana
117,"Did you know? The original name for the search engine Google was 'Backrub'!","Founders Larry Page and Sergey Brin initially named their project 'Backrub' because the algorithm analyzed the web's 'back links'.","From Backrub to Google","Learn about the initial name of the world's most popular search engine.","#TechnologyFacts #Google #HistoryFacts #InternetHistory #InterestingFacts #DidYouKnow #TechFacts #Innovation #FunFacts #WordOrigins","Ghibli style, tense scene showing interconnected lines representing 'back links' forming into the word 'Google'.",Brian
118,"Did you know? The oldest known living tree is over 5,000 years old!","A Great Basin bristlecone pine named 'Methuselah' is estimated to be around 5,000 years old and is located in California.","The Ancient Methuselah","Discover the age of the world's oldest known living tree.","#NatureFacts #Trees #BristleconePine #InterestingFacts #BiologyFacts #DidYouKnow #AmazingNature #WorldRecords #California #AncientTrees","Ghibli style, tense scene of a very ancient, gnarled tree standing alone on a rocky landscape.",Aria
119,"Did you know? There's a species of bird that can fly even when it's sleeping!","Similar to common swifts, some birds are capable of sleeping while gliding or soaring in the air.","Sleeping Flyers","Learn about the remarkable ability of certain birds to sleep while in flight.","#AnimalFacts #Birds #WildlifeFacts #NatureFacts #InterestingFacts #AnimalBehavior #DidYouKnow #AmazingAnimals #BirdFlight #SleepFacts","Ghibli style, tense scene of a bird gliding peacefully through the night sky, eyes closed.",Ana
120,"Did you know? The average person walks about 0.7 miles per hour while asleep!","Sleepwalking can occur during non-REM sleep, and individuals can perform complex actions while still asleep.","Sleepwalking Speed","Consider the surprising speed at which people can walk while sleepwalking.","#HumanBodyFacts #HealthFacts #ScienceFacts #Sleepwalking #SleepFacts #InterestingFacts #DidYouKnow #BiologyFacts #MedicalFacts #BodyFacts","Ghibli style, tense scene of a person sleepwalking slowly through a house at night.",Ana
121,"Did you know? The dot over the 'i' and the 'j' is called a 'tittle'!","This small but distinct mark has its own specific name.","The Tittle Tale","Learn the proper name for the dot above the letters 'i' and 'j'.","#LanguageFacts #Linguistics #WordFacts #InterestingFacts #DidYouKnow #FunFacts #Typography #EnglishLanguage #QuickFacts #RandomFacts","Ghibli style, tense scene focusing on the letters 'i' and 'j', with the dots above them subtly glowing.",Aria
122,"Did you know? There's a lake in Australia that is bright pink!","Lake Hillier's vibrant pink color is thought to be due to the presence of a specific type of algae (Dunaliella salina) and halobacteria.","Australia's Pink Lake","Discover the striking and unusually colored Lake Hillier in Australia.","#NatureFacts #GeographyFacts #Australia #Lakes #InterestingFacts #DidYouKnow #AmazingNature #EarthFacts #WorldGeography #TravelFacts","Ghibli style, tense scene of a bright pink lake from an aerial view.",Aria
123,"Did you know? The total weight of all the ants on Earth is estimated to be around 12 million tons!","This staggering number highlights the sheer biomass of ants across the globe.","The Massive Mass of Ants","Consider the incredible collective weight of the world's ant population.","#AnimalFacts #Insects #Ants #WildlifeFacts #ScienceFacts #BiologyFacts #InterestingFacts #NatureFacts #DidYouKnow #EcologyFacts","Ghibli style, tense scene showing a giant scale with a swarm of ants balancing against human figures.",Brian
124,"Did you know? The oldest known written language is Sumerian!","Dating back to around the late 4th millennium BCE, Sumerian cuneiform is considered the earliest known form of writing.","The Dawn of Writing","Explore the history of written language and the ancient Sumerian script.","#HistoryFacts #Archaeology #LanguageFacts #AncientHistory #InterestingFacts #DidYouKnow #Sumerian #WritingSystems #AncientCivilizations #HistoricalFacts","Ghibli style, tense scene depicting ancient cuneiform tablets glowing with historical knowledge.",Brian
125,"Did you know? There's a species of lizard that can run on water!","The Basilisk lizard, also known as the 'Jesus Christ lizard', has specialized feet that allow it to run across the surface of water for short distances.","The Jesus Christ Lizard","Discover the incredible ability of the Basilisk lizard to run on water.","#AnimalFacts #Lizards #Basilisk #WildlifeFacts #NatureFacts #InterestingFacts #AnimalBehavior #DidYouKnow #AmazingAnimals #Reptiles","Ghibli style, tense scene of a lizard running across the surface of a calm body of water.",Ana
126,"Did you know? The Earth's magnetic North Pole is constantly moving!","Due to shifts in the Earth's molten iron core, the magnetic North Pole drifts over time.","The Wandering Pole","Learn about the continuous movement of Earth's magnetic North Pole.","#ScienceFacts #EarthFacts #Geophysics #Magnetism #InterestingFacts #SpaceFacts #DidYouKnow #GlobalFacts #PhysicsFacts #TheMoreYouKnow","Ghibli style, tense scene showing the Earth with magnetic field lines shifting and moving at the North Pole.",Aria
127,"Did you know? The average person spends about 25 years of their life sleeping!","Based on an average lifespan and typical sleep patterns, a significant portion of life is spent asleep.","A Quarter Century of Sleep","Reflect on the substantial amount of time dedicated to sleep throughout a lifetime.","#HumanBodyFacts #HealthFacts #SleepFacts #InterestingFacts #DailyLife #DidYouKnow #FunFacts #TheMoreYouKnow #LifeFacts #Wellbeing","Ghibli style, tense scene showing a person aging while sleeping peacefully.",Ava
128,"Did you know? There's a type of flower that only blooms for one day!","Some species of Epiphyllum cacti, also known as 'Queen of the Night', produce large, fragrant flowers that typically open at night and wither by morning.","The One-Day Bloom","Discover the fleeting beauty of flowers that only bloom for a single day.","#NatureFacts #Flowers #Cactus #BotanyFacts #InterestingFacts #PlantFacts #DidYouKnow #WeirdNature #AmazingPlants #FlowerFacts","Ghibli style, tense scene of a beautiful flower rapidly blooming and wilting within a day.",Ava
129,"Did you know? The surface area of the Moon is less than the surface area of Asia!","Asia is the Earth's largest continent by land area, exceeding the total surface area of the Moon.","Asia vs. The Moon","Compare the landmass of Asia to the total surface area of the Moon.","#GeographyFacts #SpaceFacts #Moon #Asia #AstronomyFacts #InterestingFacts #DidYouKnow #WorldGeography #PlanetFacts #SizeComparison","Ghibli style, tense scene showing a map of Asia juxtaposed with the surface of the Moon, highlighting their relative sizes.",Brian
130,"Did you know? The human skeleton is completely replaced about every 10 years!","Bone is living tissue that is constantly being broken down and rebuilt through a process called bone remodeling.","Bone Remodeling","Learn about the continuous process of renewal in the human skeleton.","#HumanBodyFacts #HealthFacts #ScienceFacts #Skeleton #BiologyFacts #InterestingFacts #DidYouKnow #MedicalFacts #Anatomy #BodyFacts","Ghibli style, tense scene showing a skeleton subtly changing and renewing over time.",Brian
131,"Did you know? There's a species of octopus that can change its skin texture to mimic surroundings!","The mimic octopus is an expert in camouflage, not only changing color but also texture and shape to imitate other animals.","The Mimic Octopus","Discover the incredible ability of the mimic octopus to impersonate other marine creatures.","#AnimalFacts #Octopus #MarineBiology #OceanLife #WildlifeFacts #ScienceFacts #BiologyFacts #InterestingFacts #NatureFacts #DidYouKnow",Ana
132,"Did you know? The first recorded use of the internet was in 1969!","ARPANET, the precursor to the internet, sent its first message between two computers at UCLA and Stanford Research Institute.","The Internet's Birth","Explore the origins of the internet and the first successful data transmission.","#TechnologyFacts #HistoryFacts #InternetHistory #ARPANET #InterestingFacts #DidYouKnow #TechFacts #Innovation #ComputerHistory #HistoricalEvents","Ghibli style, tense scene showing early computers connected by a single glowing line representing the first internet message.",Brian
133,"Did you know? The average cloud weighs about a million pounds!","While they appear weightless, the water droplets and ice crystals in a typical cumulus cloud have significant mass.","The Weighty Cloud","Consider the surprising mass of seemingly light clouds.","#WeatherFacts #Clouds #Meteorology #ScienceFacts #InterestingFacts #Atmosphere #DidYouKnow #NatureFacts #AmazingWeather #SkyFacts","Ghibli style, tense scene of a large cloud with subtle visual cues suggesting its immense weight.",Aria
134,"Did you know? There's a library in the Vatican City that contains forbidden books!","The Vatican Secret Archives contain a collection of historical documents and, in the past, included books deemed heretical or dangerous.","The Vatican's Secret Archive","Discover the intriguing collection of documents and potentially forbidden books in the Vatican City.","#HistoryFacts #LibraryFacts #VaticanCity #InterestingFacts #CultureFacts #DidYouKnow #ReligionFacts #HistoricalDocuments #WeirdHistory #Knowledge","Ghibli style, tense scene inside a mysterious archive in the Vatican, with forbidden books glowing subtly.",Ava
135,"Did you know? The sound of a fingernail on a chalkboard is considered one of the most unpleasant sounds to humans!","This is thought to be due to the frequency of the sound resonating unpleasantly in our ear canals.","The Chalkboard Scratch","Learn about why the sound of nails on a chalkboard is so grating to human ears.","#ScienceFacts #HumanBodyFacts #SoundFacts #BiologyFacts #InterestingFacts #DidYouKnow #Hearing #SensoryFacts #WeirdFacts #BodyFacts",Ana
136,"Did you know? There's a species of bird that can fly sideways and backwards!","Hummingbirds are unique in their ability to maneuver in the air with such agility, including flying in multiple directions.","The Agile Hummingbird","Discover the remarkable flight capabilities of hummingbirds.","#AnimalFacts #Birds #Hummingbirds #WildlifeFacts #NatureFacts #InterestingFacts #AnimalBehavior #DidYouKnow #AmazingAnimals #BirdFlight",Ana
137,"Did you know? The average person spends about 6 months of their life waiting at red traffic lights!","This cumulative time waiting for traffic signals adds up over a lifetime of driving or walking in urban areas.","Waiting for Green","Consider the significant amount of time spent waiting at red traffic lights.","#InterestingFacts #DailyLife #UrbanLife #Traffic #TimePerspective #DidYouKnow #FunFacts #TheMoreYouKnow #LifeFacts #CityLife","Ghibli style, tense scene at a busy city intersection, with a giant clock representing waiting time.",Ava
138,"Did you know? There's a type of ant that farms fungus!","Leafcutter ants cut and collect leaves not to eat, but to cultivate a specific type of fungus in their nests, which is their primary food source.","The Fungus-Farming Ant","Learn about the fascinating agricultural practices of leafcutter ants.","#AnimalFacts #Insects #Ants #WildlifeFacts #ScienceFacts #BiologyFacts #InterestingFacts #NatureFacts #DidYouKnow #EcologyFacts",Ana
139,"Did you know? The Mona Lisa has her own mailbox at the Louvre Museum!","People from around the world send letters to the famous painting.","Mona Lisa's Mail","Discover the unique fact that the Mona Lisa receives fan mail.","#ArtFacts #MonaLisa #Louvre #ArtHistory #InterestingFacts #CultureFacts #DidYouKnow #ArtTrivia #MuseumFacts #FunFacts",Ava
140,"Did you know? The population of the world is roughly equal to the number of chickens!","Estimates suggest there are around 7-8 billion humans and a similar number of chickens on Earth.","Humans vs. Chickens","Compare the global populations of humans and chickens.","#AnimalFacts #HumanBodyFacts #PopulationFacts #InterestingFacts #DidYouKnow #GlobalFacts #BiologyFacts #EcologyFacts #FunFacts #TheMoreYouKnow",Brian
141,"Did you know? There's a species of fish that can glow in the dark!","Many deep-sea fish exhibit bioluminescence, producing their own light through chemical reactions.","Glowing Deep-Sea Fish","Explore the fascinating world of bioluminescent fish in the deep ocean.","#AnimalFacts #Fish #MarineBiology #OceanLife #WildlifeFacts #ScienceFacts #BiologyFacts #InterestingFacts #NatureFacts #DidYouKnow",Aria
142,"Did you know? The color red doesn't make bulls angry!","Bulls are colorblind to red. Their reaction is to the movement of the cape, not its color.","The Myth of the Red Cape","Debunk the popular belief that the color red enrages bulls.","#AnimalFacts #ScienceFacts #MythBusters #InterestingFacts #DidYouKnow #BiologyFacts #WeirdFacts #AnimalBehavior #FunFacts #TheMoreYouKnow",Brian
143,"Did you know? There's a country that has over 25,000 islands!","Sweden has an incredibly long coastline with a vast number of islands.","Sweden's Archipelago","Discover the immense number of islands that make up Sweden.","#GeographyFacts #Sweden #Islands #InterestingFacts #DidYouKnow #WorldGeography #TravelFacts #EuropeanGeography #NatureFacts #WorldRecords",Ava
144,"Did you know? The average human body contains enough carbon to make 9,000 pencils!","Carbon is a fundamental element in the human body's composition.","Body of Carbon","Consider the amount of carbon contained within the average human body.","#HumanBodyFacts #HealthFacts #ScienceFacts #ChemistryFacts #BiologyFacts #InterestingFacts #DidYouKnow #BodyFacts #FunFacts #TheMoreYouKnow",Brian
145,"Did you know? There's a species of bird that can fly even when it's sleeping!","Similar to common swifts, some birds are capable of sleeping while gliding or soaring in the air.","Birds Sleeping in Flight","Learn about the remarkable ability of certain birds to sleep while airborne.","#AnimalFacts #Birds #WildlifeFacts #NatureFacts #InterestingFacts #AnimalBehavior #DidYouKnow #AmazingAnimals #BirdFlight #SleepFacts",Ana
146,"Did you know? The world's oldest known chewing gum is over 9,000 years old!","Found in Finland, this ancient gum was made from birch bark tar.","Ancient Finnish Gum","Uncover the history of chewing gum and its ancient origins in Finland.","#HistoryFacts #Archaeology #InterestingFacts #AncientHistory #DidYouKnow #FoodHistory #Finland #WeirdHistory #AncientArtifacts #FunFacts",Brian
147,"Did you know? The average person spends about 6 years of their life eating!","This is an estimated average based on time spent on meals and related activities.","A Lifetime of Meals","Reflect on the cumulative time spent eating throughout a lifetime.","#HumanBodyFacts #InterestingFacts #FoodFacts #DailyLife #DidYouKnow #FunFacts #LifeFacts #SocialFacts #TheMoreYouKnow #CulinaryFacts",Ana
148,"Did you know? There's a type of beetle that can survive being run over by a car!","The diabolical ironclad beetle has an incredibly tough exoskeleton.","The Super Tough Beetle","Learn about the remarkable resilience of the diabolical ironclad beetle.","#AnimalFacts #Beetles #Insects #WildlifeFacts #NatureFacts #InterestingFacts #AnimalBehavior #DidYouKnow #AmazingAnimals #BugFacts",Ana
149,"Did you know? The Library of Alexandria was estimated to have housed hundreds of thousands of scrolls!","It was one of the largest and most significant libraries of the ancient world.","The Vast Ancient Library","Discover the scale and importance of the Library of Alexandria.",Ava
150,"Did you know? The Earth's atmosphere has a layer called the 'stratosphere'!","Located above the troposphere, the stratosphere contains the ozone layer.","The Stratosphere Layer","Explore the different layers of Earth's atmosphere.",Aria
151,"Did you know? A bolt of lightning is hotter than the surface of the sun!","Lightning can reach temperatures of up to 30,000 degrees Celsius, which is five times hotter than the sun's surface.","Lightning's Extreme Heat","Learn about the intense temperature of a lightning strike.","#ScienceFacts #WeatherFacts #Lightning #PhysicsFacts #InterestingFacts #Atmosphere #DidYouKnow #AmazingFacts #NatureFacts #QuickFacts","Ghibli style, tense scene of a lightning bolt striking with immense heat.",Brian
152,"Did you know? The national animal of Scotland is the unicorn!","Despite being a mythical creature, the unicorn was officially adopted as Scotland's national animal in the 15th century.","Scotland's Mythical Animal","Discover the legendary national animal of Scotland.","#AnimalFacts #Scotland #CultureFacts #Mythology #InterestingFacts #DidYouKnow #FunFacts #NationalSymbols #WeirdFacts #HistoryFacts","Ghibli style, tense scene of a majestic unicorn standing in a Scottish landscape.",Aria
153,"Did you know? The shortest street in the world is in Wick, Scotland, and is only 6 feet 9 inches long!","Ebenezer Place has just one address, the front door of No. 1 Bistro at the Mackays Hotel.","The World's Shortest Street","Explore the incredibly brief street in Scotland holding a world record.","#GeographyFacts #Scotland #InterestingFacts #DidYouKnow #WorldRecords #UrbanPlanning #FunFacts #TravelFacts #QuickFacts #StreetFacts","Ghibli style, tense scene focusing on a very short street with a single door.",Ava
154,"Did you know? There's a species of shark that can live for over 400 years!","The Greenland shark has the longest known lifespan of all vertebrates, estimated to be between 250 and 500 years.","The Ancient Greenland Shark","Discover the incredible longevity of the Greenland shark.","#AnimalFacts #Sharks #MarineBiology #OceanLife #WildlifeFacts #ScienceFacts #BiologyFacts #InterestingFacts #NatureFacts #DidYouKnow","Ghibli style, tense scene of an ancient-looking shark swimming in dark, cold waters.",Brian
155,"Did you know? The Earth's strongest earthquake ever recorded was in Chile in 1960!","The Valdivia earthquake had a magnitude of 9.5, making it the most powerful seismic event instrumentally recorded.","The Strongest Earthquake","Learn about the magnitude of the most powerful earthquake in recorded history.","#ScienceFacts #EarthFacts #GeologyFacts #Earthquakes #InterestingFacts #DidYouKnow #WorldRecords #NaturalDisasters #Chile #HistoricalEvents","Ghibli style, tense scene depicting intense ground shaking and destruction.",Brian
156,"Did you know? The average cloud weighs over a million pounds!","While they appear light, clouds are composed of millions of tiny water droplets or ice crystals.","The Weighty Cloud","Consider the surprising mass of seemingly light clouds.","#WeatherFacts #Clouds #Meteorology #ScienceFacts #InterestingFacts #Atmosphere #DidYouKnow #NatureFacts #AmazingWeather #SkyFacts","Ghibli style, tense scene of a large cloud with subtle visual cues indicating weight.",Aria
157,"Did you know? There's a library in the Netherlands where books are chained to the shelves!","The Zutphen chained library is one of the few remaining examples of a medieval library where books were chained to prevent theft.","The Chained Library","Discover the unique historical practice of chaining books in libraries.","#HistoryFacts #LibraryFacts #Netherlands #InterestingFacts #CultureFacts #DidYouKnow #MedievalHistory #Books #HistoricalFacts #WeirdHistory","Ghibli style, tense scene inside a medieval library with books chained to shelves.",Ava
158,"Did you know? The smell of cut grass is a distress signal!","When grass is mown, it releases chemicals that signal distress and can attract insects to help defend against herbivores.","Grass's Distress Call","Uncover the scientific reason behind the smell of freshly cut grass.","#ScienceFacts #PlantFacts #BiologyFacts #NatureFacts #InterestingFacts #Botany #DidYouKnow #EnvironmentalFacts #AmazingFacts #FunFacts","Ghibli style, tense scene of grass blades emitting a subtle, visible signal when cut.",Ana
159,"Did you know? There's a lake in Africa that turns animals to stone!","Lake Natron in Tanzania is highly alkaline, causing calcification of animals that perish in its waters.","Africa's Petrifying Lake","Discover the eerie phenomenon of Lake Natron.","#NatureFacts #LakeNatron #Tanzania #GeographyFacts #InterestingFacts #WeirdFacts #Africa #DidYouKnow #ScienceFacts #AmazingNature","Ghibli style, tense scene at Lake Natron with petrified animal figures.",Aria
160,"Did you know? The state of Florida is wider than Italy!","Comparing their maximum widths, Florida is slightly wider than Italy.","Florida Wider Than Italy?","Explore a surprising geographical comparison.","#GeographyFacts #Florida #Italy #InterestingFacts #WorldGeography #DidYouKnow #TravelFacts #MapFacts #FunFacts #TheMoreYouKnow","Ghibli style, tense scene comparing the shapes of Florida and Italy.",Ava
161,"Did you know? The human nose can distinguish over a trillion different scents!","Recent research indicates the olfactory system is far more capable than previously thought.","The Trillion-Scent Nose","Learn about the incredible range of scents the human nose can detect.","#HumanBodyFacts #HealthFacts #ScienceFacts #Smell #OlfactorySystem #BiologyFacts #InterestingFacts #DidYouKnow #MedicalFacts #FunFacts","Ghibli style, tense scene focusing on a nose surrounded by swirling, colorful scents.",Aria
162,"Did you know? There's a mushroom that glows in the dark!","Several bioluminescent fungi species emit light through a chemical reaction called foxfire.","Glowing Fungi","Discover the magical phenomenon of bioluminescent mushrooms.","#NatureFacts #Mushrooms #Fungi #Bioluminescence #ScienceFacts #BiologyFacts #InterestingFacts #DidYouKnow #AmazingNature #ForestFacts","Ghibli style, tense scene in a dark forest illuminated by glowing mushrooms.",Ana
163,"Did you know? The Earth's rotation is slowing down!","Due to the Moon's gravitational pull, the Earth's spin is gradually decelerating.","The Slowing Spin","Learn about the subtle slowing of Earth's rotation.","#ScienceFacts #EarthFacts #AstronomyFacts #PhysicsFacts #InterestingFacts #Space #DidYouKnow #GlobalFacts #TimeFacts #TheMoreYouKnow","Ghibli style, tense scene of Earth's rotation visibly slowing down.",Brian
164,"Did you know? Ancient Romans used urine for laundry and mouthwash!","The ammonia in urine made it an effective cleaning and whitening agent.","Roman Urine Uses","Explore surprising historical uses of urine in ancient Rome.","#HistoryFacts #AncientRome #Hygiene #InterestingFacts #WeirdHistory #DidYouKnow #AncientPractices #GrossFacts #HistoricalFacts","Ghibli style, tense scene depicting Romans using urine for hygiene.",Brian
165,"Did you know? There's a desert in Antarctica!","The McMurdo Dry Valleys are the largest ice-free area and are extremely arid.","Antarctica's Desert Valleys","Discover the surprising desert region within Antarctica.","#GeographyFacts #Antarctica #Deserts #InterestingFacts #ExtremeEnvironments #DidYouKnow #ScienceFacts #ClimateFacts #PolarRegions #WorldFacts","Ghibli style, tense scene of a barren, rocky landscape in Antarctica.",Aria
166,"Did you know? The lifespan of a housefly is only about 28 days!","From hatching to death, a housefly typically lives for around four weeks.","The Short Life of a Fly","Learn about the brief life cycle of the common housefly.","#AnimalFacts #Insects #Housefly #WildlifeFacts #ScienceFacts #BiologyFacts #InterestingFacts #NatureFacts #DidYouKnow #BugFacts","Ghibli style, tense scene focusing on a housefly with a short timer.",Ana
167,"Did you know? The total weight of all ants on Earth is roughly equal to the total weight of all humans!","The sheer number of ants gives them a combined biomass comparable to the entire human population.","Ants vs. Humans: Biomass","Consider the astonishing collective weight of ants compared to humans.","#AnimalFacts #Insects #Ants #WildlifeFacts #ScienceFacts #BiologyFacts #InterestingFacts #NatureFacts #DidYouKnow #EcologyFacts","Ghibli style, tense scene of a massive swarm of ants counterbalancing human figures on a scale.",Brian
168,"Did you know? Leonardo da Vinci is credited with inventing scissors!","He designed the modern scissor with a central pivot point.","Da Vinci's Invention","Discover Leonardo da Vinci's contribution to the design of scissors.","#HistoryFacts #InventionFacts #LeonardoDaVinci #ArtHistory #ScienceHistory #InterestingFacts #Renaissance #DidYouKnow #EngineeringFacts #ArtFacts","Ghibli style, tense scene of Da Vinci sketching a scissor design.",Brian
169,"Did you know? There's a bird that can mimic chainsaws and car alarms!","The superb lyrebird of Australia is a master of mimicry.","The Amazing Lyrebird","Learn about the vocal abilities of the superb lyrebird.","#AnimalFacts #Birds #Lyrebird #WildlifeFacts #NatureFacts #InterestingFacts #AnimalSounds #DidYouKnow #Australia #AmazingAnimals","Ghibli style, tense scene of a lyrebird surrounded by sound waves of various mimicked noises.",Aria
170,"Did you know? The average American eats around 18 acres of pizza each day!","A staggering amount of pizza consumption.","America's Pizza Acres","Consider the scale of pizza eating in America.","#FoodFacts #Pizza #United States #InterestingFacts #CultureFacts #DidYouKnow #FoodConsumption #AmericanFood #FunFacts #TheMoreYouKnow","Ghibli style, tense scene of a landscape covered in pizza slices.",Ana
171,"Did you know? The Eiffel Tower was originally intended to be temporary!","It was built for the 1889 World's Fair and scheduled for dismantling.","The Tower's Temporary Plan","Discover the original purpose of the Eiffel Tower.","#HistoryFacts #EiffelTower #Paris #EngineeringHistory #InterestingFacts #Landmarks #DidYouKnow #France #WorldFairs #ArchitectureHistory","Ghibli style, tense scene of the Eiffel Tower with a temporary sign.",Ava
172,"Did you know? There's a fish that climbs trees!","Mudskippers can use their fins to move on land and climb mangroves.","The Tree-Climbing Mudskipper","Learn about the amphibious abilities of mudskippers.","#AnimalFacts #Fish #Mudskipper #MarineBiology #OceanLife #WildlifeFacts #InterestingFacts #NatureFacts #DidYouKnow #AmazingAnimals","Ghibli style, tense scene of mudskippers climbing mangrove roots.",Ana
173,"Did you know? The Earth's magnetic field flips periodically!","The North and South magnetic poles swap places over long intervals.","Earth's Flipping Magnetism","Discover the phenomenon of Earth's magnetic pole reversals.","#ScienceFacts #EarthFacts #Geophysics #Magnetism #InterestingFacts #SpaceFacts #DidYouKnow #GlobalFacts #PhysicsFacts #TheMoreYouKnow","Ghibli style, tense scene of Earth's magnetic field lines reversing.",Brian
174,"Did you know? The average person spends about six months waiting at red lights!","Cumulative waiting time adds up.","Time Spent at Red Lights","Reflect on the time spent waiting at traffic lights.","#InterestingFacts #DailyLife #UrbanLife #Traffic #TimePerspective #DidYouKnow #FunFacts #TheMoreYouKnow #LifeFacts #CityLife","Ghibli style, tense scene with people waiting at a red light with a long timer.",Ava
175,"Did you know? There's an ant that explodes!","Exploder ants use self-detonation for defense.","The Exploding Ant Defense","Learn about exploder ants.","#AnimalFacts #Insects #Ants #WildlifeFacts #ScienceFacts #BiologyFacts #InterestingFacts #NatureFacts #DidYouKnow #AmazingAnimals","Ghibli style, tense scene of an ant exploding.",Ana
176,"Did you know? The Mona Lisa has no visible eyebrows!","Whether they were never painted or faded is debated.","Mona Lisa's Missing Eyebrows","Uncover the intriguing detail about the Mona Lisa's face.","#ArtFacts #MonaLisa #LeonardoDaVinci #ArtHistory #InterestingFacts #Painting #DidYouKnow #ArtTrivia #MuseumFacts #CulturalFacts","Ghibli style, tense scene focusing on the Mona Lisa's face.",Ava
177,"Did you know? The population of Dublin is younger than the estimated population age of Middle-earth!","Comparing real and fictional demographics.","Dublin vs. Middle-earth Demographics","Compare the age profiles of Dublin and Middle-earth.","#InterestingFacts #Dublin #MiddleEarth #JRRTolkien #LiteratureFacts #Fantasy #Demographics #DidYouKnow #FunFacts #PopCulture","Ghibli style, tense scene juxtaposing modern Dublin with a fantasy Middle-earth.",Brian
178,"Did you know? There's an octopus that uses coconut shells for shelter!","Veined octopuses use them as portable homes.","The Coconut Octopus","Learn about the behavior of the veined octopus.","#AnimalFacts #Octopus #MarineBiology #OceanLife #WildlifeFacts #InterestingFacts #AnimalBehavior #DidYouKnow #AmazingAnimals #UnderwaterWorld","Ghibli style, tense scene of an octopus using coconut shells.",Ana
179,"Did you know? The first oranges weren't orange!","Original oranges were greenish-yellow.","Original Orange Color","Discover the surprising original color of oranges.","#FoodFacts #HistoryFacts #Oranges #FruitFacts #InterestingFacts #DidYouKnow #FoodHistory #Botany #FunFacts #TheMoreYouKnow","Ghibli style, tense scene comparing green and orange oranges.",Ana
180,"Did you know? There's a country where it snows more than it rains!","Some regions have more days of snowfall.","More Snow Than Rainy","Explore unusual weather patterns.",Aria
181,"Did you know? Humans produce enough saliva for 2 swimming pools!","A surprising volume over a lifetime.","Human Saliva Volume Fact","Consider the amount of saliva produced by a human.","Ghibli style, tense scene showing two swimming pools being filled with a clear liquid.",Ana
182,"Did you know? There's a deer that barks!","Muntjac deer make barking sounds.","Barking Muntjac Deer","Learn about the vocalizations of the muntjac deer.","Ghibli style, tense scene of a deer barking.",Ana
183,"Did you know? The Canary Islands are named after dogs!","From the Latin for 'Islands of Dogs'.",Brian
184,"Did you know? Over 60 bacteria species live in the belly button!","A diverse microbial ecosystem.","Belly Button Bacteria Diversity","Explore the microbes in the belly button.","Ghibli style, tense scene zooming into a belly button with tiny glowing bacteria.",Ana
185,"Did you know? There's a cloud that looks like a rolling pin!","Roll clouds have a unique tubular shape.","Roll Cloud Formation","Learn about the shape of roll clouds.","Ghibli style, tense scene of a rolling pin shaped cloud.",Aria
186,"Did you know? Earth is an oblate spheroid!","It bulges at the Equator.","Earth's Oblate Spheroid Shape","Understand the true shape of our planet.","Ghibli style, tense scene showing Earth with an exaggerated bulge.",Brian
187,"Did you know? Hawaiian pizza was invented in Canada!","Its origin is not Hawaii.","Hawaiian Pizza Canadian Origin","Discover where Hawaiian pizza was created.","Ghibli style, tense scene in a Canadian kitchen with pineapple on pizza.",Ana
188,"Did you know? There's a monkey that swims!","Proboscis monkeys are aquatic.","Proboscis Monkey Swimming","Learn about the abilities of proboscis monkeys.","Ghibli style, tense scene of a monkey swimming.",Ana
189,"Did you know? The smell of old books is called bibliosmia!","It's a pleasant aroma.","Bibliosmia Scent of Books","Discover the name for the smell of old books.","Ghibli style, tense scene with books emitting a pleasant mist.",Ava
190,"Did you know? There's a sea slug that photosynthesizes!","It uses chloroplasts from algae.","Photosynthetic Sea Slug","Learn about this unique sea slug.","Ghibli style, tense scene of a glowing sea slug using sunlight.",Aria
191,"Did you know? Average raindrop is 2mm wide!","Typical size of raindrops.","Average Raindrop Size","Consider the size of a raindrop.","Ghibli style, tense scene focusing on a single raindrop.",Ana
192,"Did you know? Alaska has the longest US coastline!","Its shoreline is vast.","Alaska Longest US Coastline","Discover the length of Alaska's coastline.","Ghibli style, tense scene of a vast Alaskan coastline.",Brian
193,"Did you know? The first computer mouse was wooden!","Early prototype design.","First Wooden Computer Mouse","Learn about the origin of the computer mouse.","Ghibli style, tense scene of a wooden mouse.",Brian
194,"Did you know? There's a spider that builds underwater homes!","The water spider creates an air bubble.","Underwater Spider Home","Discover the habitat of the water spider.","Ghibli style, tense scene of a spider in an underwater bubble.",Ana
195,"Did you know? Great Pyramid had a gold capstone!","Historical accounts suggest this detail.","Great Pyramid Gold Capstone","Learn about the potential top of the Great Pyramid.","Ghibli style, tense scene of a golden capstone on the Great Pyramid.",Ava
196,"Did you know? The ""sixth sense"" is proprioception!","Body awareness sense.","Proprioception Sixth Sense","Explore the sense of body position.","Ghibli style, tense scene showing subtle body awareness cues.",Aria
197,"Did you know? There's a jellyfish that can clone itself!","Some jellyfish can regenerate and form new individuals from fragments.","Cloning Jellyfish Abilities","Learn about the regenerative powers of certain jellyfish.","Ghibli style, tense scene of a jellyfish splitting.",Ana
198,"Did you know? The average cloud contains enough water for 100 Olympic pools!","Despite their appearance, clouds hold a vast amount of water.","Clouds Full of Water Volume","Consider the volume of water in a cloud.","Ghibli style, tense scene of a cloud above many swimming pools.",Brian
199,"Did you know? The shortest river is 134 feet long!","The Roe River in Montana.","World's Shortest River Roe","Discover the length of the Roe River.","Ghibli style, tense scene of a very short river.",Ava
200,"Did you know? The first photograph required an 8-hour exposure!","Early photographic technology demanded extremely long exposure times.","First Photo Long Exposure","Learn about the exposure time for the first photograph.","Ghibli style, tense scene of a camera with a long exposure.",Brian